<?xml version="1.0" encoding="UTF-8"?>
<!--
  ~ Copyright 2000-2020 JetBrains s.r.o.
  ~
  ~ Licensed under the Apache License, Version 2.0 (the "License");
  ~ you may not use this file except in compliance with the License.
  ~ You may obtain a copy of the License at
  ~
  ~ http://www.apache.org/licenses/LICENSE-2.0
  ~
  ~ Unless required by applicable law or agreed to in writing, software
  ~ distributed under the License is distributed on an "AS IS" BASIS,
  ~ WITHOUT WARRANTIES OR CONDITIONS OF ANY KIND, either express or implied.
  ~ See the License for the specific language governing permissions and
  ~ limitations under the License.
  -->

<teamcity-plugin xmlns:xsi="http://www.w3.org/2001/XMLSchema-instance"
                 xsi:noNamespaceSchemaLocation="urn:shemas-jetbrains-com:teamcity-plugin-v1-xml">
  <info>
    <name>symbol-server</name>
    <display-name>Symbol Server support</display-name>
    <version>UNOFFICIAL-BUILD-20220705160000</version> <!-- will be replaced from script -->
    <description>Allows using TeamCity as a Windows symbol server</description>
    <vendor>
      <name>Disguise</name>  <!-- will be replaced from script -->
      <url>https://github.com/disguise-one/teamcity-symbol-server</url> <!-- will be replaced from script -->
    </vendor>
  </info>
  <requirements min-build="40000" />
  <deployment use-separate-classloader="true" />
</teamcity-plugin>
